Lastname,Firstname
Bessinger,Agripina
Vanvorst,Barrie
Mushett,Ludie
Stimson,Patsy
Daner,Sharika
Schreurs,Windy
Brasby,Shera
Marxsen,Tammy
Billington,Jorge
Lollar,Treasa
Strehl,Ligia
Ganner,Sixta
Wollin,Wilbur
Matthiesen,Chia
Wins,Alix
Davtyan,Noah
Lauser,Gisela
Hannagan,Nicki
Strassel,Benita
Wussow,Eilene
Mozier,Elise
Salm,Birgit
Polland,Carli
Hogsett,Carylon
Scalet,Angelica
Holter,James
Stoett,Shonna
Pala,Cecil
Lamontagne,Donita
Poissonnier,Lesha
Shams,Cinda
Dones,Logan
Spight,Marlen
Kief,Donnetta
Mihalkovic,Delisa
Blaydes,Les
Bernardoni,Denis
Syler,Yulanda
Mclauchlen,Kellye
Petrusky,Kristal
Inglis,Tess
Summerill,Shaina
Burigsay,Asuncion
Moratto,Florencia
Megna,Francis
Zurowski,Paulene
Rozga,Margene
Ferraiolo,Therese
Goodermote,Carissa
Tourville,Lula
Henshall,Randall
Elawar,Leona
Douvia,Mike
Ortga,Shemeka
Witfield,Mauro
Zone,Jimmie
Bonomi,Noella
Chickering,Samira
Bullins,Britney
Inzana,Tamala
Copsey,Elvie
Girolami,Gena
Ector,Jim
Hasson,Shu
Rosecrans,Tambra
Massay,Shandra
Macneil,Alissa
Hammill,Monnie
Kokaly,Leonora
Bursley,Junko
Marinucci,Alta
Leibenstein,Leota
Scowden,Sharyl
Longenberger,Ehtel
Bainey,Donnette
Speece,Zack
Oommen,Christel
Flud,Thelma
Yeldell,Ronni
Mulford,Henrietta
Thate,Shanice
Warschaw,Roselee
Portley,Jeannie
Hafer,Janae
Lumsden,Gerard
Hudkins,Season
Shekey,Camie
Zwack,Huey
Girad,Alexis
Kehrer,Bernardine
Lubinski,Andra
Solow,Kimbery
Sweezey,Lynelle
Ruelas,Buck
Kulling,Guadalupe
Banome,Frederic
Wozny,Idalia
Marichalar,Isidro
Federico,Hyman
Aboudi,Adelaide
Beth,Jennell
Potucek,Delsie
Gaither,Carisa
Pettersen,Donte
Cyphers,Jacquelyne
Furbish,Dina
Trost,Althea
Schmuck,Fleta
Burbano,Launa
Kokoszka,Charlie
Elgar,Michael
Fawcett,Penelope
Beverlin,Akiko
Liptak,Dena
Dunton,Rubi
Bledsaw,Lavelle
Nosworthy,Mariann
Psilovikos,Mozella
Caney,Londa
Boydstun,Azucena
Laday,Madelyn
Jubic,Bree
Beutnagel,Renata
Jacka,Pandora
Morra,Sydney
Boehm,Daniel
Goonen,Robbi
Ladick,Irvin
Michonski,Arden
Cuzco,Roseanne
Reynvaan,Takako
Fleeks,Candance
Cusack,Corina
Wiggs,Pura
Allder,Anneliese
Mcgiboney,Kelsey
Majid,Hilde
Bicklein,Star
Snedden,Chang
Sickafoose,Claire
Polanco,Lurlene
Mersinger,Jonelle
Jubeh,Michaela
Kunishige,Mirna
Guialdo,Charity
Pevy,Talisha
Schreck,Carson
Fahy,Antonietta
Cale,Katrice
Soldano,Darell
Kilbourne,Rosalina
Manzur,Tarra
Meringolo,Vance
Troutt,Dante
Seykora,Alva
Hasenauer,Dayle
Granbois,Carmelina
Nehme,Pauline
Swedeen,Kai
Ubl,Domitila
Twitty,Candi
Demarse,Maricruz
Pashley,Kimberly
Cooch,Tifany
Bozzone,Eleanora
Freemantle,Edyth
Vilain,Milo
Orey,Tona
Jurgen,Eldora
Gabisi,Brian
Goyal,Ruthann
Triarsi,Carlotta
Ostermeyer,Bethann
Larimer,Ozell
Autrey,Wan
Delana,Meg
Kaplan,Nidia
Decourt,Billie
Kierce,Nova
Celeya,Audria
Mohs,Chi
Reneau,Lorri
Solly,Talia
Sylvest,Carmen
Prestwich,Mia
Kezar,Agustina
Nangle,Kattie
Heim,Pearlie
Kahanek,Cindie
Peli,Nga
Wasson,Tayna
Rohrdanz,Retha
Gara,Gertrude
Giese,Meryl
Tallas,Vernia
Aring,Clarissa
Galustian,Santo
Pummell,Coleen
Guimaraes,Felecia
Soomaroo,Gracia
Leynes,Doloris
Georgiana,Bernetta
Balentine,Wilhemina
Bjornstad,Lewis
Yonemura,Ivory
Barbano,Betty
Boer,Fatimah
Bringhurst,Pearle
Dueitt,Soraya
Alcombright,Beatris
Lewellen,Shayna
Chasin,Todd
Fluke,Andrew
Provost,Thomas
Piecuch,Maryanne
Hronick,Rhoda
Franck,Antionette
Mizee,Pasty
Drust,Brittanie
Shell,Dinah
Shady,Isabel
Aversa,Vern
Joulwan,Kristian
Bonson,Eufemia
Rupar,Ashlea
Bathke,Jewell
Neikirk,Florrie
Bethea,Junie
Cieslak,Ethelene
Forni,Vanna
Holtmann,Isidra
Mcsherry,Tamar
Fremon,Leia
Mccelland,Burt
Geisel,Yoshiko
Beltrain,Xavier
Karpiak,Marva
Burghard,Traci
Gianino,Jacelyn
Bonefield,Adele
Mckenny,Kenya
Spanos,Hans
Delfierro,Gene
Marcus,Maile
Bee,Fidel
Hartford,Carly
Dillmore,Renee
Doughton,Curtis
Griffee,Wynell
Kritzer,Daniel
